field_1,field_2
"[{'lat': 45.1063270565, 'long': -123.284381866, 'delta_weight': 17.370000000000005}]",[]
